name, age, e-mail, division, telephone, sex
한석선, 60, bu03mU265A@daum.net, Sales, 010-8450-3584, male
지은한, 42, mn5Ua6icp9d02g@hanmail.com, promotion, 010-0269-6193, male
장요학, 50, 8tpAqe6rzab2jw@github.io, Sales, 010-6849-6397, male
송승석, 69, 9oca3izmu15@gmail.com, Develops, 010-1790-3675, male
지석선, 32, bxim1u05gcn@github.io, Develops, 010-9186-6013, male
지승한, 32, bA5zuovn6@gmail.com, Design, 010-3160-7408, female
송혁석, 42, otsxmjih3Apd75@naver.com, Design, 010-3254-8791, female
장진현, 50, 8ylknwZvepf@hanmail.com, Develops, 010-1695-2189, male
권승석, 52, rktxqgfA73b8n@github.io, Develops, 010-4126-6318, male
박진찬, 57, lpjduy@daum.net, Sales, 010-5108-8531, female
권은우, 29, xb6g2eApi45wf@github.io, Develops, 010-3614-4638, male
지혁선, 28, axtlz2e6kh@github.io, Security, 010-1295-5209, male
한유선, 34, 36hBqdxst@daum.net, promotion, 010-6120-7460, female
권혁학, 69, 8k3uobz@github.io, Sales, 010-7492-2348, male
안유한, 53, mxybqet@hanmail.com, Develops, 010-3816-2168, male
권혁우, 70, B84mdshu@naver.com, Security, 010-1053-9762, male
송혁석, 63, 2wm3zuUd6@gmail.com, Develops, 010-7894-8027, male
한유석, 47, qgiuezyZl5@hanmail.com, Design, 010-8126-9673, female
지승학, 61, 8leqnj4ubAiv@gmail.com, Sales, 010-9872-7548, male
이은석, 27, pznvfcbuAB6s@gmail.com, Sales, 010-4926-8516, male
송요석, 41, eoUfyz@hanmail.com, promotion, 010-8526-8965, male
김혁선, 31, qsluet5kyzmUjc@github.io, promotion, 010-6231-9356, male
이요한, 36, Zgpktaci@gmail.com, Security, 010-0468-8795, male
장진선, 25, BcoUp26rws@gmail.com, Develops, 010-7130-9247, female
이요학, 53, ets0Ux2z9o@github.io, Sales, 010-4260-8921, female
권진선, 37, wrkZx9t82p@gmail.com, Design, 010-1490-8061, female
김요석, 56, ediBhansg6Z8ky@naver.com, Security, 010-9263-7204, male
박유현, 22, Azagj1sy0@daum.net, Sales, 010-1536-6397, female
김혁우, 31, mogljU2u5sap6d@daum.net, Design, 010-9641-4583, female
송유선, 44, mq6n9hc@github.io, Design, 010-3169-0675, female
권혁현, 35, ZvBsnl@github.io, Develops, 010-1589-4128, female
권유한, 46, 7vxBib@github.io, Security, 010-7352-2531, female
이요우, 39, i6kog5Av0d3@github.io, Design, 010-5982-8125, male
김요현, 49, egv5zt@github.io, Sales, 010-6438-7314, female
남은석, 55, ind2ka58pflqy@hanmail.com, Sales, 010-5678-0258, male
박유찬, 48, 7lfhZ648v1@gmail.com, Sales, 010-7849-1485, male
권진찬, 64, Algx1nU2vpr9@hanmail.com, Develops, 010-3605-6854, female
김은찬, 25, e36aduw4js10@naver.com, Security, 010-8057-1468, female
장승우, 70, 4Udui7xzhBoq@naver.com, promotion, 010-8926-8691, male
송은선, 60, mwpzo76cuh52@daum.net, Design, 010-8510-7216, female
한요우, 43, gutmsf8wdjx7@hanmail.com, Sales, 010-4137-8910, female
송요한, 52, vck50zujZqain@naver.com, Security, 010-0679-1389, female
김석우, 26, 20mxv4Zb@naver.com, Develops, 010-8514-3416, male
박석현, 61, U1p4mqesrc@daum.net, Security, 010-4798-6895, male
안혁선, 62, u7kvt2Ubmf0@hanmail.com, Develops, 010-2063-9382, female
안진현, 65, rbkqhg@daum.net, promotion, 010-0896-2764, female
이은찬, 21, sdpqx285a6j@github.io, Design, 010-2547-4509, female
송요선, 50, k46Zh3vn0@daum.net, Sales, 010-3674-7249, female
박은우, 31, xa5oyf067Bg9dh@gmail.com, Design, 010-7602-4713, female
장은현, 52, jt3401p5@naver.com, Design, 010-4018-2463, male
권승현, 67, Bsrfe23btx@daum.net, Develops, 010-6185-6871, female
한요학, 51, cUZ0Bed289wap1@naver.com, promotion, 010-1934-2534, female
박은석, 46, idZ38eu1UlaBz@hanmail.com, Security, 010-0239-6897, female
남요학, 21, 908gZfsB@hanmail.com, Design, 010-1832-7462, female
한은한, 26, 31kny8@naver.com, promotion, 010-7082-5342, male
이요현, 65, x0olgc5hyav18d@daum.net, Design, 010-3625-7850, female
안승한, 56, uyoamA9lbj4r@daum.net, promotion, 010-4031-3048, male
장진학, 41, 79yt3f12mksgpd@daum.net, Develops, 010-0125-6087, female
송혁현, 47, Awkc67p1@gmail.com, Sales, 010-2584-0936, male
장요석, 58, ezcw8Z0@github.io, Design, 010-5493-0498, female
송혁한, 43, h5ar2ikA6c@naver.com, promotion, 010-3401-0578, male
장승석, 59, gvmdA8bjzsl@naver.com, promotion, 010-1963-4739, female
박혁찬, 59, enz5pjBs@github.io, promotion, 010-2639-2496, female
남은찬, 65, l864wmhbg@github.io, promotion, 010-3824-2361, male
박진학, 39, f87i2ptv@daum.net, promotion, 010-5071-1072, female
박유선, 52, saUj183bhz5@daum.net, Design, 010-7852-8324, male
남석학, 69, 5b4uej8n@naver.com, promotion, 010-5987-0782, male
이은현, 60, v36usby0p@hanmail.com, Design, 010-8621-4378, male
남은한, 55, 9lUgky4q01zve@gmail.com, Security, 010-6759-5437, male
남승현, 38, Bzbw7ps@naver.com, Develops, 010-9328-5807, female
권은현, 53, cx5U02hb@github.io, Security, 010-9710-9862, female
남혁우, 52, 0ucB7v9apAb@hanmail.com, Security, 010-3156-7312, male
송유찬, 61, jfBpax4@github.io, Security, 010-8973-1472, female
남석우, 58, c9ZexfB8g@github.io, Security, 010-9674-3698, female
지승우, 21, mruqna@gmail.com, Develops, 010-6257-5136, male
한승찬, 42, 8Bhi3Uj92vxzqr@hanmail.com, promotion, 010-2596-3208, female
송승학, 44, eAh2m3kZ5@daum.net, Security, 010-8352-5786, male
이혁현, 56, s9z7451Zjk3euc@naver.com, promotion, 010-8349-0932, male
장유우, 30, wslmn6db2Aqv4@hanmail.com, Security, 010-4186-0431, female
한진우, 70, xd3pBl5wy8oz9v@github.io, Sales, 010-1275-9741, male
안석석, 37, f9cdik@gmail.com, Sales, 010-8475-9751, female
김요석, 31, sByb0zjvpr8@gmail.com, Develops, 010-0478-8756, male
안석선, 42, U0h4bgA69ot2@github.io, Design, 010-4056-3569, female
송석찬, 26, BZlmyr9njp0A6@naver.com, promotion, 010-7362-9703, female
박진학, 69, anbpwUe5z@hanmail.com, Develops, 010-6091-5804, male
송혁학, 33, fhBneU59k@github.io, Sales, 010-3407-3716, female
권혁학, 44, qbBat617nw94x@naver.com, promotion, 010-8174-2760, male
한승석, 41, bwqgA4k2Zv3pd@github.io, promotion, 010-5092-4625, male
한석찬, 19, zbw3x9AgcU@naver.com, Develops, 010-7912-8490, female
한유한, 29, y71e8tnlfjA@github.io, Security, 010-2504-4975, male
남혁학, 26, 6xA5cyju@daum.net, promotion, 010-0731-7923, female
남혁찬, 58, phZs7b@daum.net, Design, 010-2510-4735, male
한진현, 40, l4zj1o7@daum.net, Develops, 010-3045-7308, female
권석한, 67, am8gp5vZo3cid@github.io, promotion, 010-8296-9376, female
한진한, 31, clbx3j15@naver.com, Sales, 010-2165-4518, female
장진석, 21, s6A5uw@daum.net, promotion, 010-8124-0235, male
권승석, 65, Au8rn3@github.io, Design, 010-9103-1857, male
이은우, 41, B3z8U7clrfgi1y@hanmail.com, Sales, 010-5973-4027, female
한은선, 35, svezprk8hn2qa@github.io, Develops, 010-8573-3765, male
권혁한, 28, 5v9Z7c@hanmail.com, promotion, 010-7240-6012, male
박유한, 69, rflo52p0a1@daum.net, promotion, 010-7591-4057, male
권은찬, 33, pxgcU6A8t@gmail.com, Develops, 010-7168-2789, female
남은석, 40, 8kgvxp6i4B@hanmail.com, Design, 010-4730-1897, male
안혁학, 60, vpsmkoh6g5ry@github.io, Develops, 010-7912-5814, male
지유선, 58, nq9bsh@hanmail.com, Design, 010-3197-8547, male
김요한, 38, q8pgAewt5ocn@daum.net, Security, 010-4672-1064, male
송진우, 20, n9mc6syoir@hanmail.com, Security, 010-5942-2345, male
권혁석, 56, hU1rqlnoevp9@gmail.com, Design, 010-1087-6589, male
안석찬, 67, Uzn69vBeu@gmail.com, Security, 010-1769-0257, male
장요우, 19, om7plZua@github.io, promotion, 010-7649-1359, female
장유현, 53, jhbgcZ9s@gmail.com, Design, 010-5691-3820, female
장유우, 52, wcmou9@gmail.com, Design, 010-7286-3058, female
김유한, 46, c65t0wZ@hanmail.com, Security, 010-3872-5842, male
송요석, 25, l3Zahb5fA81iU@gmail.com, Develops, 010-1082-6974, female
권은학, 33, dzbkZq10l@daum.net, Security, 010-6925-4083, female
송석석, 61, hAubBwicm@daum.net, Develops, 010-7356-2165, male
권진찬, 31, dxm05kuer@daum.net, Develops, 010-9081-5497, male
남혁학, 69, oa43bAUxp6@gmail.com, Sales, 010-1736-6458, male
이진석, 52, 2sj170gk6Uc@hanmail.com, Develops, 010-6032-1942, male
김승학, 64, 8dZbw73eBkj@hanmail.com, Design, 010-7580-3721, female
권유우, 42, 3ojfA1mts@github.io, promotion, 010-9852-5238, male
송석석, 68, vth2u1s@hanmail.com, Design, 010-8706-0264, female
한진우, 63, 6yw81cdbio@github.io, Security, 010-8943-5061, female
장혁현, 21, diyt1lBcv0a@naver.com, Design, 010-1790-1349, female
한석석, 68, r5hfakAqux18@hanmail.com, Develops, 010-0561-6123, female
이유석, 35, cl6norz0m@daum.net, Security, 010-5012-2601, female
권유우, 44, cUwz9r7y@github.io, Sales, 010-2549-2975, male
권은찬, 62, hiyjcAepkm23B@gmail.com, promotion, 010-0839-1463, female
송은석, 59, 1ve4boaB39ui@github.io, promotion, 010-8102-1632, male
안진석, 36, d1c5efopgk4jha@daum.net, Design, 010-2951-6093, female
장혁선, 28, gvfis5A6n7wZ@naver.com, Security, 010-4732-0342, female
지승한, 57, 6Ba4joqwhb8ep0@daum.net, Develops, 010-0287-8467, female
남석현, 64, 1d8w0jvx@gmail.com, Security, 010-0879-9174, female
박승선, 53, ctwan8j1@gmail.com, Sales, 010-1475-1694, male
안유선, 56, ab7zpi6Bcqe@daum.net, Security, 010-6532-1523, male
김진석, 63, mwluab@gmail.com, Security, 010-2197-7419, male
한진석, 47, lU8i2eowb45@gmail.com, promotion, 010-3297-5284, male
장요선, 61, ylpzfn9x87A@gmail.com, promotion, 010-0645-0698, female
송승현, 59, j2ufsUZwBd@hanmail.com, promotion, 010-8103-6853, male
지승선, 42, 0zlerfwsvgouZ2@daum.net, Design, 010-4392-9370, male
이유한, 22, u71ZxtA@hanmail.com, Sales, 010-1094-8350, female
안유석, 65, 3gqhjm6A0u5lit@gmail.com, Security, 010-0568-4072, female
남진찬, 41, dmgAflbhnUz@naver.com, Sales, 010-0581-9784, female
김석석, 39, pm5j2q@github.io, Security, 010-5962-4072, male
남요한, 27, pcUfnA@daum.net, Security, 010-2856-0743, male
안혁한, 20, nscqki0t@github.io, Design, 010-8927-9712, female
송승현, 26, izxv2fahw5l@naver.com, Design, 010-9725-9852, male
한혁석, 68, eani82fgspmuy6@gmail.com, promotion, 010-1906-9413, female
김혁한, 32, bZhnlrqgz7@gmail.com, promotion, 010-8506-6243, male
지요학, 68, 3AB2oyiupw@github.io, Sales, 010-9485-9746, female
박승현, 31, r3uw0cg@naver.com, promotion, 010-4850-1432, male
권유우, 68, jr4otbZlcqdzm@github.io, Security, 010-5763-4530, male
송유현, 52, sjd96uqfZln7c@github.io, Design, 010-5807-0491, male
장혁우, 64, Agfsq3wthv59y8@hanmail.com, Develops, 010-8175-3856, male
이요찬, 23, ibg0td76nzaxZ@github.io, Develops, 010-4270-8941, male
이승우, 53, ebvxzi@gmail.com, Design, 010-9581-3827, female
안진선, 35, rBAz2514tgs@daum.net, promotion, 010-3785-7021, male
이진한, 41, 8U1zaq7xh@github.io, Sales, 010-6487-5386, male
송유찬, 22, 07h5msvkb@naver.com, Develops, 010-6945-9243, female
권은선, 29, eZw21b@gmail.com, Sales, 010-3924-6245, female
장진선, 41, 5eaZxyu@github.io, Develops, 010-4925-5201, male
김진우, 22, sBfg3ir9ZhUy4x@gmail.com, promotion, 010-5370-0623, female
김승선, 57, w7vpk32m41ej@github.io, Sales, 010-2709-0625, male
지요찬, 20, h9UzAlud5g1@naver.com, promotion, 010-3274-3940, female
박혁우, 31, 2lAhn9ycxurb@hanmail.com, promotion, 010-4039-1365, male
송승우, 23, 1h9Arz0paob74@github.io, promotion, 010-1640-0972, female
한혁찬, 62, 2dm37Zxt@naver.com, Design, 010-5632-1364, female
장승석, 46, 5A1hibyndo@gmail.com, Design, 010-6581-5841, female
안혁석, 42, s4dZ56x7eb@hanmail.com, Sales, 010-4673-1908, female
김혁석, 40, i1d0v6l9@github.io, promotion, 010-9721-2386, female
안은선, 40, rs6wql@hanmail.com, promotion, 010-9162-8647, female
이요현, 31, uiUsZzrvA@github.io, Sales, 010-7518-7108, female
권승현, 42, 5lmoZ69xv4n8Uc@github.io, Develops, 010-2851-2037, male
박진현, 53, dbeBu2nqoUr8@github.io, Security, 010-0791-2091, female
김유찬, 28, wo5a246f@naver.com, promotion, 010-8092-8102, male
이승석, 51, d50t97u2qascry@hanmail.com, Develops, 010-3908-2456, female
이진현, 58, rxZai06oz@github.io, promotion, 010-1326-7815, male
이요선, 53, cUm59qv@hanmail.com, Sales, 010-2659-7891, female
박혁우, 19, kpbadye@naver.com, Develops, 010-5014-8432, male
한혁우, 34, vzku2xadB@gmail.com, Sales, 010-2187-1962, female
송요학, 23, 0n27kbB3rxj814@daum.net, Security, 010-1097-5047, female
김요선, 39, qxel0hyf8@naver.com, Security, 010-0648-0714, male
남혁석, 28, bnd8w0eh3t@gmail.com, promotion, 010-9143-8701, female
박진한, 48, nU1yimh@naver.com, Design, 010-1248-3941, female
지요석, 39, vsZi3Uwu0xj@gmail.com, Develops, 010-7064-3021, female
안승한, 22, twelnzU8ZAcfk@daum.net, Sales, 010-3281-0243, female
남혁선, 49, btqpxi6Befknw8@daum.net, Security, 010-2049-7269, female
안석우, 36, 6j9fy0hd21cs@naver.com, promotion, 010-8720-1340, female
김진현, 58, 6Ufa4u@gmail.com, Sales, 010-1876-1972, male
안석석, 39, i86yx5Uqfzb@daum.net, Security, 010-0418-4059, male
권진우, 33, 3aA4pBbxhd2rt@gmail.com, Sales, 010-2045-2591, male
지혁우, 24, rx8g1nhBid@naver.com, Sales, 010-2980-2910, male
박요석, 63, nwhaABjpf@gmail.com, Security, 010-1897-2907, male
이승현, 22, rvUsy2eo0@naver.com, Sales, 010-2390-9415, male
송승학, 68, egBp79q@gmail.com, Sales, 010-2509-2094, male
안석학, 19, dq1Bj6@daum.net, Design, 010-3096-6950, female
장진선, 59, pfclsz8a9hvw@naver.com, Develops, 010-4063-9102, female
김유석, 55, 7ctd903nu8ix@naver.com, Sales, 010-2196-8320, female
김승현, 39, 65nvgzx4739yut@github.io, Sales, 010-2470-3498, male
장진찬, 46, 6kqj2hA@daum.net, promotion, 010-1025-7408, male
남혁우, 51, kp7er1@daum.net, Security, 010-4736-2809, female
지은학, 32, Ut975kwnqei01a@naver.com, Develops, 010-8792-1270, male
장혁석, 46, q26co1z34m@daum.net, Sales, 010-7501-3058, female
남승현, 54, 90honbUwAxZkmg@naver.com, promotion, 010-7512-8567, female
남혁한, 42, jo1Zqut5vmAp8@gmail.com, promotion, 010-6479-5634, male
장혁선, 60, 4xtno7rqUcw39@github.io, Security, 010-6425-0813, male
권진선, 27, psUvBi@gmail.com, promotion, 010-7263-0864, male
장석한, 28, cmzhwrdg2bAu@gmail.com, Develops, 010-7830-9304, female
한진현, 45, k86wsge9zb@hanmail.com, Security, 010-6195-6572, female
한혁찬, 50, vzwci8ar@daum.net, Design, 010-1049-8704, male
안유석, 31, tpfBgm9wjin8@naver.com, promotion, 010-4702-3059, female
한진찬, 60, Zs1eAfxtb6@gmail.com, Security, 010-8351-6753, male
권석한, 19, ymxdBjo2@hanmail.com, Design, 010-5198-6123, female
장승학, 25, n4g89fjApo@daum.net, Design, 010-3764-1652, female
지유선, 47, 4B8ymtalr3h@gmail.com, Develops, 010-7164-6418, male
지진찬, 40, i6c5y1qlewz@naver.com, Design, 010-2578-2687, female
이은학, 29, B4jiev@daum.net, Design, 010-8932-5481, male
박승찬, 62, 3t6j9wez@naver.com, Develops, 010-7093-0375, male
송유현, 57, wgm49b3nhu8jd@github.io, Security, 010-6452-6481, female
지유학, 63, r5yxzk@naver.com, Sales, 010-4195-1725, male
안요선, 65, iwtuk4v2e@github.io, Develops, 010-7482-5186, male
안유선, 23, uU3x2w5mr4ngko@github.io, Develops, 010-4658-3406, male
남요석, 40, 0xrce9ldbo@gmail.com, Security, 010-5601-8123, female
박은우, 37, s7Bl4fa913eZv@daum.net, promotion, 010-3968-1437, female
송석석, 19, 6fb8yhqc@hanmail.com, Design, 010-1453-6317, female
이혁우, 68, muZ6n8fhixo7y@naver.com, Security, 010-0768-5746, male
권요석, 59, 936uygr@gmail.com, Develops, 010-7842-8493, female
남은현, 31, rakuxhpUye@gmail.com, promotion, 010-0825-8150, female
안은현, 69, A0rwhzkdUn@naver.com, promotion, 010-4726-4530, male
이혁우, 53, A1ZezkU6Bl@hanmail.com, Security, 010-6174-7635, male
장진선, 63, 8n9cosy@daum.net, Develops, 010-3654-4375, male
안승석, 34, ry9UAtod4m7w@hanmail.com, Develops, 010-4028-1289, female
남요선, 62, ayU39z7r2l@hanmail.com, Security, 010-7285-8563, female
지석현, 44, ewh8iAtym2k@gmail.com, Sales, 010-9502-2163, male
이승선, 50, a0jl5zxhc@hanmail.com, Security, 010-0158-6193, male
이석우, 29, Bx2f3tUa8ek4v5@github.io, promotion, 010-6049-2954, female
이혁석, 49, 4hlm1y862p@github.io, promotion, 010-0596-1405, male
송진현, 56, xohUbdBr@daum.net, Develops, 010-5792-3476, male
지진선, 66, szw0q73@hanmail.com, Design, 010-9512-4572, female
안은선, 38, gndvUo@daum.net, Security, 010-8793-7026, male
김승선, 66, 0govuc7sz8Bahj@daum.net, Design, 010-8539-5718, male
권혁석, 37, 3B27zUeqh@daum.net, Design, 010-0967-9327, male
박석한, 21, eBa0h5bg17lszu@hanmail.com, Design, 010-8139-7964, female
남유선, 67, oxy9cdshgBZ@hanmail.com, Develops, 010-0791-8479, female
지요학, 34, j50q7o63dw@github.io, Security, 010-8215-7930, female
박유선, 21, Avjbrmi71Uky3u@hanmail.com, Design, 010-2170-1723, female
박승우, 53, fql5jcr1@github.io, Security, 010-7024-8235, female
이석석, 56, uh0nvy@naver.com, Develops, 010-1762-6410, male
김혁선, 42, g1hd59@naver.com, Develops, 010-4391-2683, female
김은한, 53, j39rAnct@hanmail.com, promotion, 010-3047-0819, female
남진학, 25, uvl9hAfxp0r@gmail.com, Design, 010-2674-1346, male
송은찬, 42, v1jZbf6@naver.com, promotion, 010-8609-1923, male
권승한, 59, xma5Zpd2b0vlkw@github.io, Security, 010-3514-8093, male
안은석, 62, 03uhBogptUjy@gmail.com, Design, 010-3569-6420, male
김요우, 48, ZdcB9u7egp21a@daum.net, promotion, 010-5804-2938, female
남혁한, 19, 2w0ep86@github.io, Design, 010-2916-0538, female
남석한, 25, 96ysdtbrzin0j@hanmail.com, Sales, 010-3580-1489, female
지유선, 30, Z2otlgz0Bf8ch5@daum.net, promotion, 010-1320-4231, male
장유학, 40, 1it7akxeUZ2j@gmail.com, promotion, 010-3408-1925, male
김진석, 58, 7yf8Uwrigmv2a@daum.net, Security, 010-6793-5638, female
이석현, 33, 27wBpl45mZdrs@naver.com, Design, 010-0876-7983, female
김진한, 25, iblmf8@naver.com, Sales, 010-5268-6102, male
지요한, 19, y9klo3a107u@daum.net, Sales, 010-8247-3794, female
송진학, 55, v1B0A2lh@gmail.com, Design, 010-2745-9725, male
지진현, 27, 7twrvUe2pi@gmail.com, promotion, 010-5021-7648, female
박진현, 41, 7ca1moen@daum.net, Design, 010-3102-4359, female
권은찬, 45, Asd523hofy86@github.io, Sales, 010-5092-6890, female
송석한, 49, soBtvh@daum.net, Design, 010-2194-4207, female
권석선, 66, o9Zpknxf1A7q@naver.com, Sales, 010-4360-1320, female
이요찬, 25, 5w28einx7y9jqg@daum.net, promotion, 010-7246-2357, male
권은현, 54, upay8q2Z9bw0kr@hanmail.com, promotion, 010-5360-9632, male
박승선, 69, AdhjvZ5eyltf@daum.net, Security, 010-8409-3512, male
박은한, 59, 92lxqr@daum.net, Develops, 010-4801-1052, male
김진우, 32, m3j1tuq@github.io, promotion, 010-1269-3578, female
송유학, 30, yw49vubktf@github.io, Security, 010-9620-2594, female
이승한, 20, emlonsvZa348@naver.com, promotion, 010-7816-6245, male
김진현, 47, mw0py2r9ZdUub@github.io, Sales, 010-0923-8259, male
이진우, 55, dk48l9mxfus@github.io, promotion, 010-4062-8371, female
권유학, 48, myveg86zu@github.io, Security, 010-2485-2538, male
한혁현, 47, 0Zdg19azbu@github.io, Develops, 010-4361-5641, female
권진우, 58, lkBns2getwi3a@hanmail.com, Security, 010-0359-0526, male
한은현, 64, 0zB7bmvxqc@hanmail.com, promotion, 010-0754-9461, female
지진현, 35, onyv2m@naver.com, Design, 010-8609-9316, male
지석한, 40, a8vU5zk0owZjs@naver.com, Security, 010-9706-7095, female
지은찬, 49, mqu3Bi@github.io, Develops, 010-7506-0183, male
지석학, 23, k0tBhnbcl7@gmail.com, Security, 010-7614-2930, male
남유현, 49, 0igu6mA@github.io, Security, 010-3294-3041, male
김요한, 19, U431vf9qijd@github.io, Develops, 010-8346-5362, male
김진학, 70, m7U4nizk@naver.com, Design, 010-4810-2496, female
지승한, 34, mavbg2fw7dyjr@daum.net, Security, 010-7298-7256, female
김요학, 44, jsB89Zrk32xy@github.io, Sales, 010-4275-1743, female
안석우, 46, dupnov1@github.io, Security, 010-1327-1953, female
안혁선, 51, zwbs1kdv4e@gmail.com, Design, 010-9720-8157, male
김요한, 69, wvgb4Aejly5@github.io, Design, 010-6431-9610, male
안요현, 50, bU0w17znp9Ahri@hanmail.com, Develops, 010-3892-1264, female
박석석, 43, Uevcszm9Zi@naver.com, Design, 010-4168-6074, male
지유석, 62, us25i0yvch4eqd@naver.com, Develops, 010-5986-1576, male
송진현, 44, ef9xbqmn@naver.com, Design, 010-5614-4095, male
남진찬, 62, rvjzkwlcbop3@naver.com, Design, 010-9652-6537, male
권은현, 23, by82m1s@hanmail.com, Develops, 010-8031-4982, male
김요한, 59, 5fbxevrisk@github.io, Design, 010-6954-6927, male
송승석, 57, es1ano2tgvqp@gmail.com, Design, 010-4318-5347, male
장진학, 19, f7UkApj6ar@github.io, Design, 010-6870-0973, female
한석학, 43, oe0t2jycx9f@naver.com, Security, 010-2176-3964, male
지석현, 32, 9bArxyu058og@hanmail.com, Security, 010-5607-2948, female
장승우, 28, a2pm61wxoi5j@github.io, promotion, 010-5091-6257, male
박석선, 40, 21Bdcrjv053g@naver.com, Sales, 010-5263-2497, female
박요현, 67, 8izw23h@hanmail.com, promotion, 010-2783-6123, female
안요현, 50, 0B8o1tafxjzeU@hanmail.com, Security, 010-4392-1803, male
권승선, 54, vnbptiBo74cd0@hanmail.com, Develops, 010-5107-6905, female
한혁학, 58, pvol76bkx@github.io, promotion, 010-0876-0278, male
권요선, 70, czp9x7olte@naver.com, Security, 010-3026-9215, male
안진선, 59, mcn402yji@gmail.com, Design, 010-9108-6243, female
안유현, 34, 7z5Aniep4@gmail.com, Sales, 010-5782-4628, female
남요현, 34, 5mh4rcq@naver.com, Security, 010-0942-0657, male
한진선, 37, fU9xwZB@github.io, Develops, 010-7845-1840, female
장요선, 68, me5qdlAk@gmail.com, promotion, 010-1823-4658, male
박승우, 67, al9n86ry@gmail.com, Develops, 010-7423-5804, male
지요석, 33, rf1s0t8lvwdmc6@naver.com, Sales, 010-1267-7960, female
안유우, 47, ueB0fat5gc8xi@naver.com, Develops, 010-5978-9280, male
권혁한, 21, dp80j6wfe@naver.com, Develops, 010-0385-2087, female
권석학, 60, m6tuxA9@github.io, Sales, 010-1940-7645, male
박석우, 45, zc680oihb@hanmail.com, Security, 010-3586-3918, female
권승석, 32, AtqefZx@naver.com, Security, 010-1529-4137, male
장유현, 58, m4pg6kulAxndyb@daum.net, Design, 010-0783-2167, male
지혁우, 19, ybza0dpUmf1Bl@github.io, promotion, 010-4623-5832, male
안석석, 30, Ba9zf5l0@naver.com, Sales, 010-3489-8632, female
이요현, 46, 72jxqysafeo@hanmail.com, Sales, 010-8762-0983, female
송혁석, 67, wfjuA6ys0geh9B@gmail.com, Security, 010-5186-1254, male
이요석, 39, 8zr1nap0@gmail.com, Develops, 010-0612-9072, female
김승선, 62, 2f5n8hmgU@github.io, promotion, 010-6759-6418, male
김진석, 63, wc2jBnel1q49@github.io, Security, 010-8206-3971, male
안석한, 56, 824b3mez9xBfuc@naver.com, Design, 010-9182-3859, male
장진선, 45, B9Aek5zvbtucy@hanmail.com, Security, 010-6503-1089, male
안석학, 67, n8A5uabheydm@github.io, Security, 010-0576-1560, male
남진찬, 52, wt7eh20zs8@daum.net, Design, 010-8472-1058, female
이혁우, 64, hb5Uc1xli2@gmail.com, Design, 010-5024-9051, male
안진우, 64, a8ft56k73oud@gmail.com, Design, 010-2594-7032, female
송요한, 23, sUBrcxo@daum.net, Sales, 010-4790-6201, female
박유석, 22, 8s7tZw1g@hanmail.com, promotion, 010-0864-4182, female
안석찬, 39, p8B6t1cAhk40w@gmail.com, Sales, 010-7680-1294, female
권혁찬, 45, 7os5p9riqukx6A@naver.com, Security, 010-0259-0238, male
안유찬, 48, ABdf2s@gmail.com, Sales, 010-4532-7153, female
남혁학, 64, phyoBiZ125@github.io, Security, 010-1356-4608, male
송진선, 37, owrU6lcjtmg0f8@github.io, Design, 010-6843-7012, female
한혁학, 24, 9rsa52ymjo@daum.net, Sales, 010-6481-6258, female
김진선, 25, qej7lr@github.io, Develops, 010-4861-3254, male
한석한, 69, x3gtu2e0k8@github.io, promotion, 010-9241-1428, female
김석한, 57, tni5kjzs1hm64e@github.io, Design, 010-1072-8325, male
지승한, 24, kcq0isUb9dz@daum.net, Sales, 010-2657-9864, male
남진현, 48, bxgcrfo4y2w90@naver.com, Develops, 010-5724-2361, female
김승한, 53, 15vj36ufn@daum.net, Security, 010-4013-3940, male
남혁현, 46, uqk9bZ3t6ri@daum.net, Develops, 010-2983-2506, female
지은현, 59, 8zlkqhsu1o6d@hanmail.com, promotion, 010-5386-2085, male
이석학, 33, 7gb6l9f@naver.com, Security, 010-0189-7264, female
안혁우, 66, hva5tpBcA@daum.net, Develops, 010-0715-8457, female
지은우, 38, fAp6lc@github.io, Security, 010-0193-8293, male
김진현, 66, 9qxgd7h@github.io, promotion, 010-9304-0729, female
송혁우, 29, e3jcA2vkxbp@daum.net, Security, 010-4182-7218, female
한은한, 21, ZAqxilvfp38y9@gmail.com, promotion, 010-8476-3058, female
권요학, 65, wgB5vh9a6inypd@hanmail.com, Design, 010-6301-8173, female
권석한, 59, mvpja1AifZq5U@github.io, Develops, 010-4902-9108, male
남진우, 65, edvx4bcB5p8tz@hanmail.com, Security, 010-8561-6345, female
한은학, 48, g5ZU8swh0aAdn@daum.net, promotion, 010-1095-8792, female
안혁석, 22, qslkzx@naver.com, Sales, 010-6981-6432, female
김유현, 38, 09l5tbn@github.io, Sales, 010-0867-2708, female
한은찬, 39, 9smuBijeZ7qx@naver.com, Design, 010-8426-9348, female
박진한, 67, 7dieglj24k@hanmail.com, promotion, 010-3570-0932, male
안은우, 40, ejhAg2lpwB@github.io, promotion, 010-6153-9278, female
안요석, 30, 2kmUqf9rv6A@naver.com, Sales, 010-9075-3706, male
김은현, 53, o9Bvw7p@naver.com, Sales, 010-4607-0291, female
송요석, 50, qx8e43s@github.io, promotion, 010-6371-0587, female
권승찬, 62, ajBUtkhv35f4x1@gmail.com, promotion, 010-8235-8504, female
장유석, 38, vfaxbgBl08ey@naver.com, Design, 010-7164-6974, male
송혁한, 36, j7eZf0z2hBr6s@hanmail.com, Sales, 010-6954-4239, female
박승우, 55, 5jlaker@gmail.com, Develops, 010-8590-2136, female
안석찬, 63, UmBs74juadekw6@hanmail.com, Security, 010-1328-4350, male
이요학, 58, 95uA83z2xU@gmail.com, Design, 010-4013-1743, male
안승석, 58, kvbtZirjuz@gmail.com, promotion, 010-6702-1590, male
송은선, 64, nBkp930g@daum.net, promotion, 010-4850-1420, male
장승학, 28, 1s820zic@naver.com, Sales, 010-3829-5937, female
지요학, 43, xUu0scgyl4zf@naver.com, Security, 010-1045-7850, male
김은한, 67, e8xzbfar40Uy@hanmail.com, Design, 010-5074-4067, male
지은석, 22, 24w81Aaldp@daum.net, Sales, 010-6439-1832, female
안승현, 45, oqrulpbA@naver.com, Develops, 010-3825-9250, male
안승석, 32, 5yvUt0eg@daum.net, Design, 010-4583-7510, male
안은석, 54, zip59rgU@naver.com, Develops, 010-6580-7625, female
송은찬, 53, nBiuA6log@daum.net, Develops, 010-2461-1673, female
지은현, 26, zdmpB4@github.io, Security, 010-2579-7903, male
송혁우, 37, l19aypU@naver.com, Design, 010-1360-0816, female
이석학, 66, 9kbp8mh@daum.net, promotion, 010-7081-6751, male
박승찬, 21, pUAnogmw0i@naver.com, Security, 010-4923-2739, male
장승우, 52, kUej3agt4A@gmail.com, Security, 010-5438-4715, male
이유현, 26, vBUft8@github.io, promotion, 010-9047-8924, male
장요선, 34, Z2l6rixemnq0as@naver.com, promotion, 010-2796-2783, male
송진한, 38, lh7qjcxp0m@hanmail.com, Security, 010-4905-6987, female
김유학, 35, oc8qvj0i6Am@github.io, Sales, 010-3906-9804, female
안혁현, 33, BZc678dvx1tl5e@hanmail.com, Security, 010-8169-7918, male
박혁석, 70, 1qjdiktouvA67@hanmail.com, Develops, 010-6812-8074, male
권유찬, 62, bv348uZmte96B5@gmail.com, Security, 010-9105-5671, male
남승우, 25, w01sg76imn@gmail.com, Develops, 010-8345-4076, female
송혁선, 30, kin4Zqlb@github.io, Develops, 010-1435-2695, female
송요석, 34, 5U7m4j8@naver.com, promotion, 010-8246-2603, female
송석선, 28, 3Bemtfc28Urabn@github.io, promotion, 010-1385-1674, male
장진선, 49, fZjA4eazvgtl@gmail.com, promotion, 010-5791-9237, male
장혁학, 56, j98bqh24frw@naver.com, promotion, 010-3519-7506, female
송진선, 56, k9Ztl7f@hanmail.com, promotion, 010-8360-2837, male
권석한, 48, d2xvwyilrBk@daum.net, Develops, 010-1659-6701, male
이혁한, 65, 4wsk97x1zy@daum.net, promotion, 010-8362-2043, male
안요석, 67, i2elj6Ub39z5@daum.net, promotion, 010-9687-0368, male
이요한, 39, 1rn6gxZsa@daum.net, Security, 010-2563-5789, male
이유찬, 41, yZfxs6@naver.com, promotion, 010-5048-5239, female
장승선, 52, 8bruel@github.io, Sales, 010-8160-0256, male
남석우, 63, eAv5j0dg4s8i@gmail.com, Security, 010-0725-4870, female
송진선, 64, ovAd3qb9@naver.com, promotion, 010-8562-8561, female
안유석, 29, BuhAp1q@hanmail.com, Develops, 010-3647-8326, male
남석우, 33, wZ5ul9eny4z@hanmail.com, Security, 010-5894-3742, female
남은우, 29, hiU2qumwj4z@naver.com, promotion, 010-4072-1536, female
박요찬, 54, hcd6B34U@hanmail.com, Sales, 010-9570-9532, male
장승석, 57, dh1z6uxBawmfy2@gmail.com, Develops, 010-0581-4638, female
이승학, 38, upbo0v8yxmc4z@hanmail.com, promotion, 010-2439-0528, male
안유우, 58, 8Zzgv6ust2q3l@naver.com, Design, 010-1309-3209, female
이혁한, 41, ubozskAUj@naver.com, Security, 010-3718-4836, male
송요현, 23, 81i9ys@hanmail.com, Sales, 010-9420-6843, male
송승선, 56, Zldn3j6U819@hanmail.com, promotion, 010-7264-9802, male
송은우, 52, ZmhkA8@hanmail.com, Sales, 010-0963-7410, female
장석찬, 41, bUAoq7un1s@github.io, promotion, 010-1345-9427, female
권진선, 33, rfeZlws@github.io, Develops, 010-3145-7614, female
안석학, 58, xdpwta7z12f0@daum.net, Design, 010-1279-6973, male
송혁석, 65, d9ylm5jbh@daum.net, Sales, 010-9016-6831, male
권유한, 30, 5ezh06ns@daum.net, promotion, 010-0154-6875, female
남요현, 26, 48r1nuqAUlw@naver.com, promotion, 010-0613-9460, male
한승석, 51, 8uma2zvhBprUAd@hanmail.com, Design, 010-1257-3610, male
박요선, 58, ht46uz9i@gmail.com, Sales, 010-7283-4275, male
남진학, 40, U76zj0ln4Ae@github.io, Security, 010-7461-2561, female
이유우, 48, 5w6rU0s1@naver.com, Develops, 010-7340-0421, male
남요석, 26, 6uicbnt24eop@naver.com, Sales, 010-9635-1583, male
송은선, 37, aghZc185ind@gmail.com, Sales, 010-0865-5290, male
남혁우, 25, 6fedr5mx7kptlu@naver.com, promotion, 010-7294-7942, male
지석선, 58, zg25e46n@daum.net, Develops, 010-7614-9236, male
박혁현, 40, 4pwgrb@github.io, Design, 010-1420-2189, male
남혁찬, 35, 370dg9@github.io, Design, 010-2630-1548, female
장유찬, 30, 18is7tb@naver.com, Develops, 010-8291-0794, male
송혁선, 44, oc8A67ZdgemBq@naver.com, Develops, 010-3048-5897, female
한석찬, 55, fc0u6ydaoexn@daum.net, Design, 010-3029-9031, female
지승석, 54, 3uixZnmh418za0@daum.net, Develops, 010-9068-5327, female
장유현, 49, 4bze9g@github.io, Sales, 010-8369-4285, male
박요찬, 33, mdf5A2eUvB@daum.net, Security, 010-5723-8524, male
박석석, 38, 08Boau7bAm@gmail.com, Develops, 010-6321-6057, male
이혁한, 34, e5yzsmdj7an8p@gmail.com, Sales, 010-3569-5897, female
장진선, 50, 49gBzqoZfw@hanmail.com, Security, 010-7529-4693, female
송승선, 33, m6t7ZuU@gmail.com, Security, 010-3925-1846, female
송승석, 19, xf5alj8pqw@github.io, promotion, 010-6198-4570, female
남유현, 38, xyfe3raZ@gmail.com, Design, 010-5143-7012, male
박은석, 38, 3pw78kyhU1@github.io, Develops, 010-2560-9405, female
김유석, 24, dbpc8ZakB6@gmail.com, Security, 010-1648-4618, female
권요선, 42, ivABZ4pr172@github.io, Develops, 010-1692-1465, female
장혁찬, 19, ubod2Z84@github.io, Sales, 010-2061-6495, male
안승한, 34, 3mkafqvzh1sd@gmail.com, Develops, 010-5310-6180, female
한혁선, 27, kvBuixlZq265U@hanmail.com, Sales, 010-2150-2931, male
지진우, 30, wqr0dxf@hanmail.com, Design, 010-3428-6748, male
안석학, 41, pavbjicsl@github.io, promotion, 010-3627-4068, female
박혁우, 20, fjcedbU@gmail.com, Sales, 010-3872-6957, male
지승현, 69, vf6pArxzi7Bb@daum.net, Develops, 010-3029-7105, female
박혁현, 26, 974qputikeU@github.io, Develops, 010-3049-5071, male
지은학, 40, pUeru9B@naver.com, promotion, 010-1427-2945, male
남요현, 35, yfwsB0nud1@hanmail.com, Develops, 010-4719-2165, female
지유한, 38, erwsvb5ickUg6@naver.com, Develops, 010-0819-5497, male
김석찬, 38, b7f12j@naver.com, promotion, 010-4176-9872, female
남은선, 56, xB7uoAazbv@daum.net, Sales, 010-3706-5602, female
박은찬, 20, z43wpli@naver.com, Design, 010-2516-1640, female
지혁찬, 39, ocb90wv63@hanmail.com, Design, 010-7583-7913, male
한은석, 34, jkb58o@hanmail.com, promotion, 010-7924-7435, male
지혁석, 57, gcBwsof@daum.net, Security, 010-4208-2571, male
박진현, 39, 43Uok21x@gmail.com, Develops, 010-4280-8934, female
한진우, 50, 3tvbrAUdh@hanmail.com, Sales, 010-2143-5102, male
한승석, 49, hgA7tmis0c5rBw@hanmail.com, promotion, 010-2947-5309, female
권혁석, 22, bgxdhAj@daum.net, Security, 010-9873-7065, male
권진현, 49, gp1u0y4exq@github.io, Develops, 010-7935-9561, female
박은학, 49, d2bh978Z@hanmail.com, Sales, 010-8260-5703, female
지유학, 46, gZhAqnldv@naver.com, Develops, 010-6123-6284, female
남요학, 68, UzBavetnupZ274@hanmail.com, promotion, 010-6510-7189, male
박승학, 27, 82mcbqB419@naver.com, Design, 010-5847-1592, male
남혁한, 23, Z8fekav7bUj0c6@hanmail.com, Design, 010-8127-3079, male
박혁석, 54, Z3ovtmfsxy@github.io, promotion, 010-2581-2954, male
권은현, 38, a6kBtru@gmail.com, Develops, 010-3187-7092, male
한유우, 62, 8iBs2t@naver.com, Design, 010-0618-2546, female
안혁석, 43, 7kz0v4d2pa@naver.com, Sales, 010-5901-3524, male
장은우, 40, nhxvrfwUlims0p@gmail.com, promotion, 010-0364-0976, male
남승현, 37, y2Bj091Zc6@gmail.com, Develops, 010-7134-4803, male
남요현, 38, 59lx8yzge@naver.com, Design, 010-3294-3587, male
박진학, 41, dgrp6A4lq9Beo5@github.io, Security, 010-8750-6597, female
남유현, 65, my5pa6kfdqth2s@hanmail.com, promotion, 010-7496-0278, female
지유학, 42, p6cihas0tvm387@github.io, Sales, 010-4560-5806, male
남승한, 51, xm95reBoZc@naver.com, promotion, 010-7956-0371, female
안진학, 20, 7qn2f5trvys@gmail.com, Develops, 010-8971-2874, male
김은찬, 65, xrntgAuwpUqa@hanmail.com, promotion, 010-3052-9810, female
한혁현, 46, bo9w57e@github.io, promotion, 010-7652-6921, male
지석현, 19, 8jht20zdeon@naver.com, Sales, 010-7268-9843, female
송석석, 55, hU6kpljn@daum.net, Develops, 010-9703-8547, male
송요한, 23, ui9h0Afex4mz@gmail.com, Design, 010-4503-6251, female
권석한, 62, o40pfiq@gmail.com, Design, 010-9042-7480, male
한혁석, 34, z5froA@gmail.com, Sales, 010-5129-2763, male
장혁석, 27, k5zcZ3Uj4wplgq@naver.com, promotion, 010-8351-3107, female
남석학, 61, gh06vc@gmail.com, Sales, 010-5162-8354, female
김진현, 57, rAgiB9@gmail.com, Develops, 010-8591-5108, female
지승한, 48, Z20reBz3bAf@hanmail.com, Security, 010-5173-0536, female
송진우, 26, An2bq9gr78o1Z0@hanmail.com, Design, 010-2580-1908, female
권승찬, 36, 3uhign5sr7cdfm@github.io, promotion, 010-5413-5824, male
박승우, 19, ozlf2Ugkx@daum.net, Develops, 010-7340-2174, male
송승석, 21, U29ly18@hanmail.com, Security, 010-5817-7159, male
남승우, 62, l57kaw1@gmail.com, Security, 010-5793-4250, female
한은석, 50, 8f6oc1jk@daum.net, Design, 010-9147-8351, male
장유선, 37, dA6wxl7c32ms@gmail.com, Sales, 010-5240-8352, female
안혁찬, 56, mf3tz6vh@naver.com, Design, 010-8507-0826, male
박은선, 36, linqo62fmk@daum.net, Security, 010-5316-6490, male
지은찬, 24, clm6hizf4tq@daum.net, Design, 010-1953-2831, male
한요현, 19, b0xh5otm8r@github.io, Security, 010-1485-8169, female
안은한, 26, h8Z3tlqrzv57a@gmail.com, Develops, 010-5436-0376, female
권요찬, 28, Ze2wahucn7@naver.com, Design, 010-5294-6580, male
안진선, 27, p9fu52@github.io, promotion, 010-7324-3807, male
이석우, 51, qmBnghtzi14cp@daum.net, Design, 010-1562-2694, female
박진찬, 27, yjk8s3lf@hanmail.com, Security, 010-9674-0124, female
김석현, 31, hk48uoax71ye@hanmail.com, Sales, 010-7684-0287, female
박요우, 22, eij2y63vB4cgnt@daum.net, Develops, 010-1764-8034, female
김유선, 63, 67rZjsnkAgdu9@gmail.com, Sales, 010-2798-8492, male
박은한, 52, p7d0hB6@naver.com, promotion, 010-3108-1805, female
이요우, 54, 781lxstup@hanmail.com, promotion, 010-1087-9573, male
안요선, 49, 2ma0pd@gmail.com, Design, 010-7368-2891, male
장은학, 57, kAUxzcj246@naver.com, Design, 010-2987-2367, male
김승찬, 27, A61onh@github.io, Design, 010-3897-6189, male
박은석, 60, kAsrqZnBv3@daum.net, Security, 010-8410-4670, female
이석한, 50, 2ZAgsmBlnbU@hanmail.com, Develops, 010-1897-2654, male
장석한, 56, oepAwy5@hanmail.com, Security, 010-3618-7039, female
김석학, 21, 8wAit0sxUky4nz@daum.net, Design, 010-3247-8526, female
안석찬, 59, qwul43ybs5nipf@github.io, promotion, 010-9304-6914, female
남혁선, 60, U3o07rul@github.io, Sales, 010-3190-6024, female
지승선, 51, BcU045wAb1v8xt@github.io, Sales, 010-5286-6413, female
송혁선, 28, 4vkogAp5@hanmail.com, Sales, 010-1563-4568, female
송승찬, 50, op6b4jxs2Zc@daum.net, Security, 010-4936-9512, female
박혁현, 38, e68sBw@gmail.com, promotion, 010-4765-9365, male
박승학, 51, 3y89Bhi@gmail.com, Design, 010-4780-8314, male
남요석, 19, ru8ozg@github.io, promotion, 010-5093-5163, male
권유우, 23, 9B1l8Ank5w4@daum.net, Sales, 010-7259-8432, female
권은학, 53, r7Zwx4vozbm@gmail.com, Develops, 010-3142-9381, female
안진선, 43, sl01inz@daum.net, Sales, 010-2863-1943, female
안혁선, 59, 6nvlAisk1Uhpb@hanmail.com, Security, 010-3786-8274, male
권혁우, 39, mycU3A5s6@gmail.com, Security, 010-8175-0896, female
남진우, 42, k2tgq1@hanmail.com, promotion, 010-8493-2098, female
남은학, 38, az869hr2pndus@gmail.com, Security, 010-0576-4758, male
이유학, 59, aZbcu75zq86w3@github.io, Design, 010-5103-1539, male
남은현, 62, 0ag5yo2p@daum.net, Develops, 010-2345-0865, female
권유학, 26, xB20kUn16eZ9@daum.net, promotion, 010-7931-1932, female
박요우, 36, Bbwfo2gxv69r@gmail.com, Sales, 010-3687-1743, male
송승선, 41, k4gem8Ah1p@hanmail.com, promotion, 010-7436-9082, female
이유학, 43, 8Bnlpzv@daum.net, Security, 010-1079-5834, male
이승찬, 47, c2foa5t98h7u@github.io, Security, 010-4253-0682, female
장은석, 50, 3csnojbpeh@gmail.com, promotion, 010-0632-5924, female
안유현, 30, kbiB5tprv@github.io, promotion, 010-8197-6974, male
장은학, 31, 8qAz043@naver.com, Design, 010-5816-4279, female
박은한, 49, kh7qg98@daum.net, Sales, 010-2615-0349, female
이석찬, 20, es5p621m0nUa@naver.com, Security, 010-4385-1489, female
지진현, 40, k7bl3ya0gmw@gmail.com, Design, 010-0954-8512, female
남진학, 33, ory37en@naver.com, Develops, 010-7091-9654, male
안혁석, 50, a7rtqj8mlfBhye@daum.net, Develops, 010-4520-0321, male
이요한, 31, vrm7znj8p46@hanmail.com, promotion, 010-1843-2951, female
박은한, 44, qdUszw@daum.net, Design, 010-4731-8572, female
한유석, 62, bar82U@naver.com, Develops, 010-3980-6879, female
박승한, 49, 9l76Ayb8@naver.com, promotion, 010-2576-2164, male
지유선, 47, wj3p1va@daum.net, Design, 010-2846-7805, male
박유학, 34, olru80ijAc7@gmail.com, Security, 010-1694-3416, female
한요석, 59, b4Zozacf1gs2@naver.com, Security, 010-5792-5176, male
지은우, 43, qn7s5da@daum.net, Develops, 010-9072-3405, female
박은우, 70, BpAiuvk@github.io, promotion, 010-3695-3167, female
남요선, 70, xd5f62pb3i@github.io, Develops, 010-3275-2387, female
권혁현, 59, cU6akv81zptes@github.io, Design, 010-9368-3207, female
권진선, 65, 7o0x6h@naver.com, Sales, 010-7328-5982, male
이승선, 22, y6jetZhvxs9@daum.net, Design, 010-6954-3690, male
송은학, 52, Zu4a5m@naver.com, Sales, 010-9317-7342, male
박석우, 24, Uo7k2g@naver.com, Sales, 010-3910-7698, female
장승선, 23, fqU45c@daum.net, promotion, 010-3547-6207, female
송석선, 23, 61rpo8jcB2Zi4@hanmail.com, Security, 010-3950-4650, female
지진학, 36, hZg0468o2zlkrv@github.io, Develops, 010-7534-9450, male
남요선, 44, Umrjuk@github.io, Develops, 010-9182-6387, male
송승현, 53, aB7Uq0hsjlun@github.io, Sales, 010-7485-4687, male
남혁우, 48, ftaAxU6m47l9bw@hanmail.com, Develops, 010-9765-2193, male
지혁학, 24, w56qsgrzj2c@gmail.com, Security, 010-2871-8640, female
박석찬, 57, Ud2tuB@hanmail.com, Design, 010-6890-4935, female
김진학, 33, 9ujacs3gtzn@gmail.com, Sales, 010-5472-8295, female
안진석, 55, bqkoey9Ai0f@daum.net, Develops, 010-6132-3218, male
권요찬, 34, 7dtm0h6c8@github.io, promotion, 010-1320-6781, male
남승현, 67, igmcw5@daum.net, promotion, 010-3950-3406, male
김유찬, 22, Zxefy7c@gmail.com, Develops, 010-7198-7521, female
남혁선, 69, h9ZrpkxwBzm1sv@naver.com, Security, 010-4805-4905, male
장은현, 51, ew21ltcb8Z@gmail.com, Sales, 010-3904-1957, female
남석학, 42, sokywfcAud4z@daum.net, Develops, 010-2945-5864, male
송은한, 32, l7spzr5bnoAv01@naver.com, Develops, 010-2740-0432, female
남요현, 28, 0dufh73Uo8i@naver.com, Develops, 010-7624-6051, male
지진현, 64, 08pq2gd6aU@gmail.com, Sales, 010-4196-7514, male
김유찬, 40, el73A9jxd@hanmail.com, Develops, 010-4987-4910, male
장은학, 59, sl0k1naf9w@naver.com, Security, 010-2367-7196, female
이석석, 28, UoiZ1m@gmail.com, Design, 010-9287-6450, female
한석선, 45, ajZ5w4ky@naver.com, promotion, 010-7269-5206, female
지요학, 31, xf9ml2troykUA1@hanmail.com, Security, 010-4829-2634, male
안혁한, 31, 346oai7jhd@daum.net, promotion, 010-1243-6125, female
남유석, 19, Bho18x53gqkab@naver.com, Security, 010-5396-6145, male
박진학, 69, k038dl@daum.net, Develops, 010-7254-3598, female
권석우, 19, rzhave4f28U@gmail.com, Design, 010-2591-2970, male
남유선, 68, ci2lBpZ89zfk@daum.net, promotion, 010-4528-4275, male
지진선, 36, stxe30i@gmail.com, Sales, 010-1706-6258, female
남은선, 64, xBsep6@github.io, promotion, 010-9051-0487, male
송혁선, 23, sqbx379@naver.com, Design, 010-2405-9241, male
이은우, 61, iz8j42@github.io, Security, 010-1504-8492, female
한진현, 40, vh36b5B4mu2@daum.net, Develops, 010-2076-1678, female
송혁학, 34, fxq4p79zhd@gmail.com, Security, 010-4081-5014, male
장은학, 49, 9erBxg0pwcs@daum.net, Sales, 010-1780-0379, male
송석현, 24, x02wt7ck@gmail.com, promotion, 010-6530-4089, female
김요한, 27, 1dxj5f6@hanmail.com, Design, 010-9436-9253, female
김진선, 28, yi4nq1e7a@daum.net, Design, 010-4769-9126, male
권요찬, 35, 8yhBzsm1oakupn@gmail.com, promotion, 010-7943-6173, male
장승한, 34, htU7zdoub@hanmail.com, Design, 010-5028-3587, male
남진석, 19, 4zBx1cqw05rm@gmail.com, Sales, 010-0829-3472, male
이진현, 51, bj8ths5Ag2@github.io, Design, 010-6873-2480, female
김승학, 33, kBsu9vb8ji3@naver.com, Develops, 010-4628-9137, male
권은한, 61, la0zuw9@naver.com, Develops, 010-4706-3785, male
안유현, 40, fu2d1bwi@naver.com, Security, 010-4036-1509, male
박승선, 23, o8fBzUb63k@naver.com, Design, 010-7346-7981, male
박유한, 40, lAbvgBixUph0@daum.net, Security, 010-4931-6418, male
김석현, 37, qpky8ju@hanmail.com, promotion, 010-2480-6427, male
이석찬, 38, jp0bn8wxafc3@daum.net, promotion, 010-6283-8509, male
박석학, 39, t6o9qxw@gmail.com, Security, 010-9842-5094, male
안혁석, 44, By8f52x0@daum.net, Sales, 010-9485-5821, female
이유학, 33, 4ohvy82l3@gmail.com, Develops, 010-2367-2405, male
남은선, 50, opaxZk7y4@github.io, Design, 010-5027-9716, male
이요석, 44, ek1c7nbAlo@gmail.com, Sales, 010-0426-6237, male
김혁석, 26, eBiaxrdw07@hanmail.com, promotion, 010-2946-0521, female
지석한, 24, qe97l5g@naver.com, Security, 010-7690-5134, female
김유우, 58, Bf9zq8oZl@gmail.com, Security, 010-7316-0124, male
박승한, 22, zu2noc31ayjAr@github.io, Design, 010-3614-9681, male
안혁한, 34, UAdjrcmvbsi@naver.com, promotion, 010-1306-6329, female
권석선, 55, uhqzZA0@github.io, Security, 010-0768-2730, female
남진선, 48, jkr2sh4@naver.com, Security, 010-3157-9437, male
지은한, 46, 8bs60d7ay@hanmail.com, Develops, 010-0973-0681, female
한혁우, 53, Zdi29UqB@hanmail.com, Sales, 010-4861-0971, male
한진우, 60, ar96bfnU8dp5q@daum.net, Sales, 010-0146-9583, male
박석학, 33, 6mzUuq2hc9B0by@hanmail.com, Security, 010-2507-5310, female
남진우, 55, a0wzvqf3Zmjb@github.io, promotion, 010-2504-6310, female
지혁선, 59, 8ws5Ux@github.io, Develops, 010-5041-4612, female
박유우, 29, wdjmcoa1tx@daum.net, Develops, 010-5214-4281, male
이요한, 27, zo8y0cht@hanmail.com, Design, 010-5078-3906, female
남석학, 30, nelcxfaztrymgA@naver.com, promotion, 010-8931-1764, female
박유우, 21, ls9rbi2oq6Uyh@naver.com, Security, 010-0389-6093, male
지요한, 58, fzxsZ827Btr3o@github.io, Sales, 010-6142-2368, female
김혁선, 22, zUam0Z2A4dlsr@naver.com, promotion, 010-6815-8416, male
김은현, 25, 0dmUq9bvu5z7t@hanmail.com, Security, 010-4697-8914, female
한은현, 41, Z6rziesl4byhA3@gmail.com, Develops, 010-4870-7926, female
장혁현, 54, 38hack@hanmail.com, Sales, 010-0317-3468, female
박유찬, 24, 0p4ewtbqg@gmail.com, Develops, 010-4731-7398, male
김석한, 45, 64qjhcUunoAy@github.io, Security, 010-8512-2376, male
장진한, 26, 8e9cUb@hanmail.com, Develops, 010-2014-3821, female
이유석, 56, nzbmy0@hanmail.com, Security, 010-8570-6394, male
장은선, 48, fUurg7nh5moki@naver.com, Design, 010-1978-5078, female
김혁우, 49, muphdAUv90q@naver.com, Security, 010-2730-2647, female
장승석, 61, sgvw2Aab8Z@gmail.com, Sales, 010-2483-6095, male
김혁찬, 41, vjAhae2oZ@github.io, Security, 010-3064-7213, female
안석학, 57, bA9c7plUZn4@daum.net, Sales, 010-4107-9258, male
남혁선, 49, zpltUi@daum.net, promotion, 010-1472-5639, female
송승우, 33, drl5qut0@daum.net, Security, 010-5840-1532, male
박석현, 66, s9m4U61@daum.net, Security, 010-5872-9638, female
김승선, 22, stZ351@gmail.com, Develops, 010-2568-9627, male
박승찬, 42, ZnbqB1c2@github.io, Design, 010-0213-5183, female
송진현, 38, fpb80Ug3ujw@hanmail.com, Develops, 010-4278-5347, female
박석우, 23, UBnwr9lZbq6je@gmail.com, Security, 010-3516-4861, male
송진학, 52, ybmn2kiZ9@naver.com, Sales, 010-1342-1490, female
안은찬, 56, 9iqBaof@github.io, Develops, 010-4260-9410, female
지진선, 34, minrwUg1@hanmail.com, Security, 010-1635-7815, male
김혁선, 42, njsevx34bk58mU@naver.com, Design, 010-6148-3286, male
이석학, 29, ctuk1f9Bywahli@gmail.com, Develops, 010-1946-5179, male
송유석, 47, y6fwgsl@gmail.com, Design, 010-8764-7516, male
김요학, 58, yigcne7Z@hanmail.com, Design, 010-1653-0728, female
김석우, 59, fBklcpZ@github.io, Sales, 010-0914-9183, female
남혁석, 45, Axd59gul@daum.net, Design, 010-1374-0567, female
남요현, 68, uh0b2jvkm6cf@hanmail.com, Design, 010-6230-1503, male
한진현, 67, tblue5Arc4@naver.com, Develops, 010-9814-2034, male
남유선, 63, 8i6ceu47rjkx@github.io, Sales, 010-4652-3821, female
남진현, 60, e98hB5A1mrky2@github.io, Develops, 010-8063-6913, male
장석선, 46, sxe4cz56d@github.io, Security, 010-0837-5786, female
송유선, 52, U0u43olbpq6hef@daum.net, Design, 010-9435-2497, male
권석석, 33, x1hbUpfjc@github.io, Design, 010-5619-2957, female
송유한, 52, 25rzyf@hanmail.com, Develops, 010-1453-0543, female
송요선, 68, 42b6A8xs@gmail.com, Sales, 010-3729-5906, female
이은우, 63, yurBlvijfze39n@gmail.com, Design, 010-0896-0315, female
송혁선, 68, w3xU7aqflztA@github.io, Security, 010-9730-6207, male
지승현, 51, i9zdt6s@daum.net, Sales, 010-5362-3420, female
장은한, 63, 7nximr4f3d@github.io, Sales, 010-0394-3157, female
김은한, 40, 7gtU5cBrl@naver.com, Sales, 010-1468-2817, male
지진학, 65, yx2A7nZs8v95e@gmail.com, Sales, 010-2145-6317, male
지승학, 56, zkutson3@github.io, Design, 010-3854-6230, female
지진석, 55, 8fhBezmwnyx5k@daum.net, Security, 010-9802-3108, male
송승학, 59, 4obxpnji5Alv@daum.net, Sales, 010-7891-2345, female
장승선, 46, uwmfZho0yinB@github.io, Design, 010-8210-4716, male
김은한, 33, 1ZbcievA26@gmail.com, Security, 010-8654-4921, female
남요찬, 60, mqsk237le@naver.com, promotion, 010-5734-0846, female
안유학, 38, 7ur9ogZ8pzvs3@naver.com, promotion, 010-8630-2984, male
박승현, 65, 9rjpytnU70@hanmail.com, Sales, 010-5162-3127, male
안은선, 62, hexv4rpmAk@daum.net, Sales, 010-0354-7418, male
안요우, 62, vfjn9h@daum.net, Design, 010-0786-3905, female
권진석, 24, BenAk7pl1d@naver.com, Security, 010-7153-5781, female
한유찬, 43, ugij6ve48hsf7x@github.io, Develops, 010-2897-6950, male
한석선, 27, p2zoudyZ06c@daum.net, Security, 010-2091-6290, male
안진우, 52, jwnhmv8Bri1o@daum.net, Sales, 010-0713-1468, female
이진우, 32, nrfj0yz8ga3@hanmail.com, Design, 010-4890-1038, female
안은선, 40, aedjUv@hanmail.com, Security, 010-8290-1257, male
장은현, 30, 3n1m9jpdUtxw@github.io, promotion, 010-4079-7243, female
이요우, 50, w3m6yr09t2@daum.net, promotion, 010-6158-6193, male
장승선, 48, hnU0gue3k5@github.io, promotion, 010-9740-1672, female
송혁석, 68, fdom9736k@hanmail.com, Sales, 010-6951-1923, female
안요현, 44, 1h3utaxnbBr90@hanmail.com, Sales, 010-5921-1560, female
한석한, 61, ejc24pxB91r@gmail.com, Sales, 010-0531-3974, male
안혁한, 30, Bfqg17ayA@naver.com, Security, 010-9256-7490, female
안은선, 41, Uti5ae13Z@github.io, Sales, 010-3205-0764, female
송은선, 60, bgjcU6@gmail.com, promotion, 010-8392-0267, female
송혁선, 44, fmBnaebz8cw@daum.net, Develops, 010-8541-6385, male
송요우, 69, q8ojwprhn@gmail.com, Security, 010-4196-0789, female
안혁학, 26, urykhl247@daum.net, Develops, 010-6385-8305, female
장진한, 47, lUuc7r2jxfy9@github.io, promotion, 010-5847-7908, male
김석석, 24, 56netBfA7ij0xs@hanmail.com, Develops, 010-5043-9084, female
안승찬, 65, wbqtpjUerZ5A@github.io, Security, 010-7163-6057, female
남승석, 66, 6ZbUld@github.io, Design, 010-0649-2146, male
박은석, 48, u6b2Brtoin4p8@gmail.com, Sales, 010-4076-2345, male
남진학, 41, U2p167zk@gmail.com, Develops, 010-9823-5492, female
한진현, 30, vZ6ab0731rjz@hanmail.com, Design, 010-0369-8920, male
김유우, 61, 4037buBfsro@naver.com, Sales, 010-3856-7085, female
박요선, 28, 4vBAa9@github.io, Develops, 010-8792-3672, male
남석찬, 50, itpZghf51u6s@gmail.com, Sales, 010-1736-3589, female
송석우, 41, 7y68Uxpu@naver.com, Design, 010-6934-8025, male
김은한, 26, 1sUqmdi37@hanmail.com, promotion, 010-1538-6032, male
김승한, 33, 0B43xa6eA9Uh@gmail.com, Security, 010-8049-7594, male
송유한, 63, gmeUnpz7ao9if@daum.net, Security, 010-3842-4765, female
송은석, 37, hi9m7o1@gmail.com, Develops, 010-7238-5973, female
남은석, 22, 4zBcqjo371@gmail.com, promotion, 010-9350-2546, female
안석선, 57, 4m57sbjl19wd@naver.com, Sales, 010-7568-0681, male
한은학, 60, mt39rpZy6@daum.net, promotion, 010-1354-4372, male
남은찬, 29, 8Bi0zrq76x@daum.net, Security, 010-0354-1802, male
김요석, 53, htd01A4gzyU@github.io, Design, 010-6302-6953, female
권승석, 24, 8zt5hc4qknxyu@github.io, Design, 010-4867-1865, female
남요찬, 28, qc4edrax5ny6u@daum.net, Security, 010-9652-1054, male
김석학, 44, 13ufBheZjzl49b@github.io, Sales, 010-4587-5809, male
이진우, 21, 8nfom6dl@daum.net, Design, 010-6407-7529, female
지혁선, 39, 9Z2axd3@github.io, Security, 010-9256-0843, female
안요한, 24, 5Ze2i6aoB8ymf@github.io, Sales, 010-3506-6091, female
김승우, 49, girodz2qZ6th9l@github.io, promotion, 010-8602-3079, female
이혁현, 25, iyt6wxsa4@hanmail.com, promotion, 010-2809-8523, female
김은한, 30, nwxl9m@naver.com, Sales, 010-6013-4625, male
김요현, 42, U1q3pwiBvbhoy@github.io, Sales, 010-8254-7384, female
장요선, 33, Zbqndejo7tBmz@github.io, Sales, 010-7936-7231, female
한혁한, 39, 10ko8r3m6BZdh@hanmail.com, Design, 010-3714-0381, female
권석선, 23, kvlcU6xr4@naver.com, Develops, 010-3496-8315, female
송석우, 47, 3087irvfkbd5@naver.com, Security, 010-6390-8420, female
남은석, 38, elw28c3agd6@daum.net, Design, 010-9562-7950, female
권혁찬, 50, zmhUr15@github.io, promotion, 010-7581-9283, male
지은석, 63, ns6Avxqpyieg@hanmail.com, Develops, 010-2409-1526, female
권유현, 55, soqB9j0hzZk@gmail.com, Design, 010-9375-7502, male
남요학, 63, 0t3j4ql@naver.com, Sales, 010-9314-0829, male
권요선, 41, xwdjoq2@daum.net, Sales, 010-5019-1068, male
이석학, 55, sB3hcA2f6kaZ0U@daum.net, Develops, 010-5643-3062, male
안요한, 29, motesuxlzg67nw@github.io, Security, 010-2605-0153, male
송은우, 34, 125xAopf@gmail.com, promotion, 010-1985-6807, female
장혁우, 39, rmk1lbn2f4@hanmail.com, Develops, 010-1853-6534, male
지유석, 26, e59l6ankrbU@hanmail.com, Sales, 010-6382-9670, male
김유석, 62, 3U7qu2r4@hanmail.com, Design, 010-6327-0489, female
이진현, 24, jrBwd15sAqob2@daum.net, Sales, 010-1986-4239, male
권석석, 44, znwtvc7yp@github.io, Security, 010-5930-0457, female
장유현, 44, b2qwudZ18@hanmail.com, promotion, 010-1597-8516, male
한은현, 48, qfAzs5@daum.net, Design, 010-7439-3067, male
안혁찬, 58, vmcq4lb@hanmail.com, Security, 010-1038-1358, male
김은학, 58, oAcib1x@hanmail.com, Sales, 010-2896-8243, female
이석한, 53, lb6nviud@hanmail.com, Security, 010-9856-8245, female
장은찬, 33, a8zl3iU2Z5u@hanmail.com, Develops, 010-3297-4289, male
권진선, 35, 8yafqgsi@github.io, Sales, 010-5019-0726, female
지은한, 68, 5ft1wym@gmail.com, Design, 010-3085-0378, male
안진현, 50, f20U6843kuxwt@github.io, Security, 010-1857-5734, male
장진학, 23, 1ajqgAd2r0t@hanmail.com, promotion, 010-4873-4691, female
권요석, 50, nrlAubU@hanmail.com, Develops, 010-8624-2105, female
장승현, 51, xsgc5Ukod7tanu@hanmail.com, Design, 010-9816-8095, male
장은찬, 53, uty5w8ds@naver.com, Sales, 010-7402-7265, female
권은현, 37, 3bpl7Brx@github.io, Design, 010-4162-9406, female
송혁학, 26, 31ia8wvpxszZU@github.io, Sales, 010-8675-4026, male
장유선, 33, wsxA6azUjB3@naver.com, promotion, 010-8914-0169, male
권석석, 57, auA3l7t8cifxU@gmail.com, promotion, 010-4875-1758, male
송승선, 38, v1yrUnz0ld@github.io, Security, 010-2759-7168, female
이유선, 46, jof34kh29s1l@github.io, Develops, 010-3841-8026, female
박유선, 60, gn2drmq8pbf@hanmail.com, Design, 010-5392-2538, female
권은현, 62, Zv34ktdp@naver.com, Security, 010-7521-1269, male
지승석, 43, swB2jgmoh6t7Un@github.io, Sales, 010-1964-6597, female
안석현, 61, Ufi7upgs0Aqo2@github.io, promotion, 010-0436-3561, female
지승현, 36, 4e7p0inqo@hanmail.com, Sales, 010-0865-8549, male
지은한, 61, hfsu56@gmail.com, Sales, 010-8169-5714, female
남요찬, 55, x9rzaqlhdkcijg@naver.com, promotion, 010-2836-7156, male
김유석, 19, i13jzbm@gmail.com, Sales, 010-8563-8795, female
박승석, 54, w387nf5ekAcB@gmail.com, Security, 010-8025-0257, male
권석한, 68, yn4mxq09e8156@daum.net, promotion, 010-1874-5724, male
김유우, 66, z9kdtocxeAu247@hanmail.com, Develops, 010-1579-3609, male
박석현, 32, cjZ1UA@naver.com, Design, 010-6371-9175, male
안승선, 38, 73f4n9@daum.net, Develops, 010-3451-1286, male
김석찬, 43, Akjfou@gmail.com, Security, 010-9860-4570, male
김유선, 27, qrA452pei@naver.com, Sales, 010-7203-7613, male
장석현, 62, Zthf5loBaA07cb@daum.net, Sales, 010-8736-1894, male
한승우, 40, Uvp1f8@daum.net, Sales, 010-6834-3579, male
지유선, 23, Ud9Agxb6joeli@gmail.com, Security, 010-6471-8732, female
김혁우, 28, o01ge7kBn@naver.com, promotion, 010-2398-7326, female
박요선, 45, Anax8sz@github.io, Design, 010-0524-8923, female
김석우, 61, u9msAdxfg21@daum.net, Design, 010-3284-6217, male
안진한, 54, 6pkfuygi@gmail.com, Develops, 010-8967-7315, female
송석선, 60, toZeb2@gmail.com, Design, 010-3074-5283, male
박혁찬, 23, 2Aymxajfbwhd@hanmail.com, Sales, 010-1026-6514, male
송은선, 69, qwBrx4p@hanmail.com, Design, 010-3719-5431, female
장진선, 40, croBatnqlhb@daum.net, Security, 010-6239-9865, female
권요우, 50, ymAkj7ov5h@daum.net, promotion, 010-3740-4637, female
권혁현, 44, be41mzUsf@naver.com, Security, 010-2649-0518, female
박혁석, 50, sz2deqc5n31b0a@gmail.com, promotion, 010-1678-7596, female
한승한, 20, 5yj1zkdUhwql@naver.com, promotion, 010-5631-3514, male
이은우, 63, 6xyn48vsmco7ar@github.io, Develops, 010-2703-3514, female
지요현, 32, Aa28h7jrt@daum.net, promotion, 010-3576-4325, male
송진한, 19, xoUhs4mB5p@naver.com, Sales, 010-1054-2790, male
안진현, 27, m83yg5Uwkdbhqe@github.io, Develops, 010-7631-7258, male
안유찬, 49, kljxac1gsnhde@hanmail.com, Security, 010-9538-8049, male
권승석, 23, h7Zuq8jx1yptdc@github.io, Develops, 010-8054-1425, male
김진한, 34, rfg5xyto2bzAw1@naver.com, Develops, 010-7495-7816, male
지석현, 67, 1f0z5Zj@gmail.com, Develops, 010-8013-3084, female
송유한, 21, 8g7kz4q@daum.net, Sales, 010-1495-9026, female
송혁선, 21, ZcauBp8y1Ate@naver.com, Develops, 010-1690-0123, female
한은현, 21, jqZia3p@daum.net, Develops, 010-9015-5327, male
송진학, 58, 71eqym3s6@github.io, Security, 010-9728-1284, male
한석학, 37, Urc1dtzg@gmail.com, Sales, 010-2654-5392, male
남요현, 65, Zf50U4q83ig2@github.io, Develops, 010-2781-9024, male
송유학, 27, 78B4Avc05ofmw6@daum.net, promotion, 010-8073-8917, male
이혁현, 60, e4vyoj1Uxgatfb@naver.com, Security, 010-0189-9836, female
장승선, 65, s0tw5fhi8@daum.net, Design, 010-7294-7921, male
이유찬, 58, eB6zbx9l1mn@daum.net, Security, 010-7438-9471, female
한석찬, 56, byqj4wlicxk0d@naver.com, promotion, 010-9307-9568, female
지혁한, 63, r578cUaj2uwA9@github.io, promotion, 010-3946-8253, female
장진한, 34, rfgzsiA2@github.io, Design, 010-6813-2809, male
이석석, 36, ob8A0xa2@github.io, Security, 010-8716-8613, male
한유선, 31, UfuxvA2nr7@hanmail.com, promotion, 010-0843-3697, male
장은석, 21, 825wqyAczUmg1@github.io, Develops, 010-2153-6283, female
장은석, 66, 89w62cfkq3@naver.com, Design, 010-1563-3068, male
안요선, 39, 86lk4ieaqsvnfZ@github.io, promotion, 010-7846-6985, male
권승선, 45, gcB5ja2s3@daum.net, Design, 010-9537-8527, female
김승우, 58, A4azBxUnZowjv3@daum.net, Sales, 010-4159-0126, male
남진석, 63, la3Z4yBAux2js@github.io, Sales, 010-4705-6905, female
안승한, 29, 7q93wh@daum.net, Sales, 010-8976-9042, male
장유한, 32, ugzjb78li@naver.com, promotion, 010-4635-0371, male
김석학, 27, gen7fomch3s20@daum.net, Sales, 010-3254-1736, female
장요한, 20, pvUubyt6ji@daum.net, promotion, 010-5460-3789, male
남석우, 24, 8q1pgc9B@github.io, Design, 010-5163-0245, male
송진선, 36, dmzZsyf@github.io, Design, 010-4510-2486, female
박유현, 25, jnZ31v8sixqo0p@daum.net, Security, 010-8471-1329, female
한은현, 45, r84majpkd5l9b@daum.net, Security, 010-3217-7813, male
박석석, 51, uq87ep2no@hanmail.com, Develops, 010-8350-7316, female
이석찬, 21, 0ZlUtj9owxi75a@naver.com, Security, 010-0412-7239, female
이유학, 22, s8qkZ2zU04ubi@hanmail.com, Develops, 010-4905-2745, male
안요학, 45, y3jg8Zi2q@hanmail.com, promotion, 010-8024-2710, male
권진현, 39, wit6B3@hanmail.com, Security, 010-4895-1409, female
남석선, 30, sxUnvA248la1c@naver.com, Security, 010-6457-8731, female
김은석, 52, zwq8Bk90b@daum.net, promotion, 010-9284-1602, female
박진우, 54, no38zv5b1hZ@gmail.com, Sales, 010-3975-0854, male
송승선, 32, ipgjfvsx02@gmail.com, Sales, 010-3092-9801, female
김요석, 30, iZl7A4gdkrt@naver.com, Design, 010-4305-6178, male
장유한, 48, ebtw1qsmx@gmail.com, Sales, 010-1580-0862, female
김승우, 45, 03r8aB@github.io, Sales, 010-4205-0315, female
남혁석, 55, 8ek19BiZ@gmail.com, Design, 010-6983-3416, female
남유한, 25, hlqfagjvy@hanmail.com, Sales, 010-6830-2416, male
박은학, 20, bqiBr63agzh@hanmail.com, Develops, 010-6184-4387, female
안혁우, 64, 3uisxjghoA@hanmail.com, Security, 010-8196-3019, male
송진현, 58, ctr0q1mpl5i@github.io, Design, 010-0632-8751, male
한혁석, 66, 4Aktdf62@gmail.com, Design, 010-0729-6187, female
한혁현, 42, r3t6hs@github.io, Design, 010-8627-6901, female
박유현, 68, vaf1wqprug3nc@daum.net, Design, 010-5324-2047, male
송승찬, 62, 5Z1x3pozavi@gmail.com, Sales, 010-9546-0391, male
안은현, 67, d450ahenwi@github.io, promotion, 010-3864-3925, male
장유우, 22, qfc9m2354nBbg@gmail.com, promotion, 010-7106-6153, male
권승선, 68, 3iu46qg5@gmail.com, Develops, 010-6453-1652, female
남은한, 63, ZmBnr1z9yva@github.io, promotion, 010-0615-1327, male
지요학, 39, 2r60tvcqmfBi@github.io, Develops, 010-5940-8416, female
이승한, 19, yBhA85x32v@github.io, promotion, 010-7583-1026, female
남진찬, 25, nj5dUoymfis@naver.com, Develops, 010-2670-8376, female
김은우, 38, g5sc6f7kudn@daum.net, promotion, 010-6125-6392, male
안석학, 63, tsn9qvr7d@daum.net, promotion, 010-5129-0574, female
송은석, 25, d5sU4qr0@naver.com, Sales, 010-0974-7542, male
남석학, 25, 0xuvf9od@naver.com, Develops, 010-0762-9063, female
김은찬, 21, xn40tAUqpcbd@naver.com, Design, 010-7513-3079, female
지요현, 29, dlt4hju2@github.io, Sales, 010-9863-2194, female
송혁우, 25, kmfje1BrvatA4Z@github.io, promotion, 010-4821-1069, male
이유현, 42, y2Uxz7@hanmail.com, Develops, 010-9186-9724, male
안혁선, 68, 4xe2jf@hanmail.com, promotion, 010-6572-3204, female
이석석, 34, x7o05kc134b@daum.net, promotion, 010-9742-5903, female
김승현, 37, m79bta8@naver.com, Design, 010-3520-9718, male
이진석, 24, dqj6x4l7vsgy@gmail.com, Design, 010-6753-3674, male
장석선, 19, viUbc2Bw58@github.io, Design, 010-9135-5068, male
장은선, 61, qn3r2B01ygm@hanmail.com, promotion, 010-9104-8639, female
남석우, 52, 8sj4mk2g@gmail.com, Design, 010-3217-0765, male
한승선, 35, ivUng9hd8rlfcu@naver.com, Design, 010-3704-4905, male
이석찬, 26, t5lBgc@github.io, Develops, 010-7125-9384, female
한유석, 52, zdg8Zuhp@daum.net, Security, 010-6871-9126, female
한은한, 70, kpe5gUs68djz@naver.com, Security, 010-0876-2518, female
남은석, 61, cf458qUterijvZ@daum.net, Security, 010-0231-1630, male
박진학, 26, okvscBiZ10myw@github.io, Design, 010-7413-0718, female
이승석, 65, q92iwlxn@naver.com, Security, 010-8490-9274, female
남요석, 70, sab0g1nx3@daum.net, Security, 010-9381-1406, female
이혁한, 68, 03ldU5yzang1@daum.net, Sales, 010-9213-7589, male
한은한, 38, ixz6jUZd@github.io, Sales, 010-2765-7832, female
장승찬, 24, qva7U3pe@gmail.com, Security, 010-2608-4092, female
한승우, 51, 6v3inkZ@daum.net, Security, 010-5384-5247, male
송요석, 34, Bh15i2@gmail.com, promotion, 010-8713-2560, female
한은석, 52, cnzj49h5r@github.io, Security, 010-1387-9065, female
박요선, 56, loj2zix5pA1@naver.com, Develops, 010-0574-5096, male
김혁우, 35, xjbvwmny@gmail.com, Security, 010-0641-6123, male
남요선, 46, pwBg5xtoyf@hanmail.com, promotion, 010-1803-3120, male
이요선, 37, v7Beik5cz8p@github.io, Sales, 010-1348-9160, female
권은우, 45, jo5i16rm@daum.net, Develops, 010-4965-0847, male
남요한, 53, B5e2s0AUjp@daum.net, promotion, 010-6581-5286, male
장진학, 27, Amru4nx@gmail.com, Sales, 010-8401-1526, male
권요한, 36, lqy62bouawvm5@gmail.com, Develops, 010-3621-7491, female
남요찬, 31, 42np58jdiAqyus@github.io, Security, 010-0723-1906, male
한유학, 62, cU29Z7sqbu@daum.net, Security, 010-3528-1350, male
남승한, 52, rhsqc5x8gkA@naver.com, Develops, 010-9127-9734, female
박요석, 50, ZUehy0lr@hanmail.com, Develops, 010-2601-7910, female
안유찬, 63, qswbg4Z@github.io, promotion, 010-2809-8190, male
권석학, 19, rx2Udct4ao3@naver.com, Security, 010-3752-5794, female
박석찬, 19, ilBc2hjmU85gZA@daum.net, promotion, 010-9064-6410, female
장요학, 49, 3s6Armiu5pwd@gmail.com, Develops, 010-4679-9645, female
김진한, 66, Zkcnxjr@daum.net, Develops, 010-0172-3275, female
이진한, 44, 3vuglam10s2h@gmail.com, promotion, 010-8739-2587, female
송요석, 30, puZlzsidk1h@daum.net, promotion, 010-5768-8019, female
장진우, 30, rdzgei@gmail.com, Sales, 010-4382-0478, male
장석학, 24, 2s1hugypv4@daum.net, Design, 010-0358-3617, male
안혁우, 70, a5tAcr@naver.com, Sales, 010-0834-8951, female
박승선, 36, kxqb4w807i@daum.net, Design, 010-0873-6712, male
이은현, 35, Z4imBs65zuAb@gmail.com, Develops, 010-3614-3914, female
송진선, 44, Zkcbt0io9@daum.net, Design, 010-5039-8304, female
권혁우, 23, rztm8An1d@hanmail.com, Design, 010-8712-6519, female
장유학, 28, yckZzga@github.io, Design, 010-1046-0157, female
장은선, 55, 6j4kd1gixU9uvh@hanmail.com, Sales, 010-6053-6073, male
송석석, 44, todBAsc@github.io, Design, 010-2395-0283, male
지유선, 25, g7absux3Zvd@naver.com, Security, 010-2396-1973, female
장석현, 65, 5oAUx6srh1vn@github.io, Design, 010-6852-3702, male
권석선, 23, 9y1AojZ@daum.net, Sales, 010-1759-2465, male
권유현, 68, t5l3fxwk1q@naver.com, Develops, 010-9712-4653, female
지혁한, 22, zv4uia@github.io, Develops, 010-7461-5971, female
박석학, 30, yga6bofcplw4t@naver.com, Security, 010-6738-2586, male
이승석, 65, ygmqtse08zroh4@gmail.com, Security, 010-6803-1409, male
장승한, 29, 9yztpq3@daum.net, Sales, 010-0759-9681, female
안요학, 64, eZfvazjuyknq@naver.com, Security, 010-7914-3859, female
안요석, 63, 7Ae5pb4dB@naver.com, Design, 010-3981-3249, male
박승찬, 29, 6nvmi7se4faw8@gmail.com, Sales, 010-5349-9426, female
한유선, 32, igmyUjAl9w7ta@naver.com, Design, 010-2170-7541, male
권진우, 38, 7u561njgycA@naver.com, Sales, 010-1789-1867, male
박혁학, 49, x7wAus@daum.net, Design, 010-8352-9178, male
남혁선, 43, n2g59s8fx6cApo@github.io, Design, 010-3270-0132, male
안석우, 52, pvmyw1hgqefl4b@daum.net, Design, 010-8546-0231, male
지은학, 65, cvy3rbsnxo8u@github.io, Security, 010-2951-0182, female
안유석, 63, 7z5jaqA@github.io, Design, 010-9463-4769, male
권혁현, 36, 53kcvzgnjyi@naver.com, promotion, 010-9860-8936, male
지진찬, 19, a3eyp4x@naver.com, Security, 010-2178-8210, female
박혁선, 50, uwsr29iy1jp35@naver.com, Develops, 010-2694-1049, female
권석석, 40, k1y9x0dc@gmail.com, Develops, 010-6043-0467, male
안승선, 67, 1efqs40@github.io, Design, 010-8759-6281, female
이은선, 28, 7Zry9buUAi@gmail.com, Security, 010-9678-4682, female
이승석, 42, z639kh@github.io, Security, 010-7602-3290, male
송혁우, 65, k71U6dZ5usoy@naver.com, Design, 010-1204-4351, male
남은석, 51, jfn9rv@daum.net, Develops, 010-6731-5134, female
박혁선, 65, 78wlifg@naver.com, Develops, 010-1205-8240, female
지석우, 33, vzjx6Bw@github.io, promotion, 010-2491-9183, female
김은학, 52, m3Znj2p@github.io, Design, 010-3605-7063, male
한은선, 27, 0mUawj52glb@gmail.com, Develops, 010-6850-1457, male
남유현, 68, B28fgi0Alz@daum.net, Develops, 010-5289-3672, female
지승우, 44, v4n60Ax@naver.com, Design, 010-1379-4690, male
남석선, 26, bqdvyut0@github.io, Sales, 010-8146-1057, female
남승우, 46, o5bg8m@daum.net, promotion, 010-7351-1064, female
김유한, 60, h7uq6jtzrUfZ@hanmail.com, promotion, 010-8392-1798, female
남진학, 52, i0twhZnqfUalp4@daum.net, promotion, 010-3197-1895, male
안요현, 34, qx08vrsnB@daum.net, Security, 010-5639-3710, female
장은석, 62, bUgBo60ivn1@github.io, Design, 010-6513-8795, female
송석현, 52, 9dvkZBlU4fsa83@github.io, Security, 010-7089-9876, male
안은현, 30, y4afc2bU@daum.net, Security, 010-8503-6382, male
박요우, 23, gnk7z5Alu3vejx@daum.net, promotion, 010-1906-0794, female
장혁석, 19, 4fdmnvkx@naver.com, Develops, 010-5217-3807, female
송승석, 38, yprc405o2ut3sn@hanmail.com, Develops, 010-0931-7409, female
김은한, 61, iogcpwsxBume3@gmail.com, Sales, 010-6728-1586, male
권요석, 53, whcgdk8o@github.io, Design, 010-2315-6012, male
박요우, 68, U7rAmdZxiepb6t@gmail.com, Security, 010-9831-9026, male
남석한, 24, 86vmtd@naver.com, Develops, 010-0216-9263, female
장혁현, 43, 5xcy4Za@github.io, Design, 010-2913-0156, male
권은학, 21, l3xvpnm@daum.net, Sales, 010-6487-2503, female
김요현, 68, 7zbihq9asZg1@naver.com, Develops, 010-9742-6342, male
지승현, 44, Avhrt9nbf@daum.net, Design, 010-3698-2381, male
지유선, 39, cZewvuB7z6hoi2@daum.net, Sales, 010-8394-7109, male
송석학, 66, 0o5xdh@daum.net, Design, 010-2349-1890, male
이요현, 24, ahjt5mb@gmail.com, Sales, 010-7415-2345, male